data,cotacaoCompra,cotacaoVenda
2015-01-02,2.6923,2.6929
2015-01-05,2.7101,2.7107
2015-01-06,2.7016,2.7023
2015-01-07,2.6801,2.6807
2015-01-08,2.6913,2.6919
2015-01-09,2.6577,2.6583
2015-01-12,2.6569,2.6575
2015-01-13,2.6479,2.6485
2015-01-14,2.6216,2.6222
2015-01-15,2.6116,2.6122
2015-01-16,2.6187,2.6193
2015-01-19,2.6237,2.6243
2015-01-20,2.6241,2.6247
2015-01-21,2.5961,2.5968
2015-01-22,2.5748,2.5754
2015-01-23,2.585,2.5856
2015-01-26,2.596,2.5966
2015-01-27,2.5803,2.5809
2015-01-28,2.5791,2.5797
2015-01-29,2.5954,2.596
2015-01-30,2.6617,2.6623
2015-02-02,2.6888,2.6894
2015-02-03,2.7053,2.7059
2015-02-04,2.7142,2.7148
2015-02-05,2.738,2.7386
2015-02-06,2.7635,2.7641
2015-02-09,2.7867,2.7873
2015-02-10,2.8069,2.8075
2015-02-11,2.857,2.8576
2015-02-12,2.8619,2.8625
2015-02-13,2.8385,2.8392
2015-02-18,2.8424,2.843
2015-02-19,2.8539,2.8545
2015-02-20,2.8694,2.8701
2015-02-23,2.8805,2.8811
2015-02-24,2.8643,2.8649
2015-02-25,2.864,2.8646
2015-02-26,2.8721,2.8728
2015-02-27,2.8777,2.8782
2015-03-02,2.8649,2.8655
2015-03-03,2.9045,2.9051
2015-03-04,2.9798,2.9804
2015-03-05,2.9925,2.9931
2015-03-06,3.036,3.0366
2015-03-09,3.1012,3.1018
2015-03-10,3.1293,3.1299
2015-03-11,3.1156,3.1162
2015-03-12,3.1165,3.1171
2015-03-13,3.2258,3.2264
2015-03-16,3.2251,3.2257
2015-03-17,3.2677,3.2683
2015-03-18,3.2512,3.2518
2015-03-19,3.2635,3.2642
2015-03-20,3.2417,3.2423
2015-03-23,3.1793,3.18
2015-03-24,3.1304,3.131
2015-03-25,3.1469,3.1476
2015-03-26,3.1909,3.1915
2015-03-27,3.2253,3.2259
2015-03-30,3.2595,3.2601
2015-03-31,3.2074,3.208
2015-04-01,3.1549,3.1556
2015-04-02,3.1486,3.1492
2015-04-06,3.092,3.0926
2015-04-07,3.1225,3.1231
2015-04-08,3.0828,3.0834
2015-04-09,3.0459,3.0466
2015-04-10,3.0789,3.0796
2015-04-13,3.1005,3.1011
2015-04-14,3.0874,3.088
2015-04-15,3.0675,3.0681
2015-04-16,3.0243,3.0249
2015-04-17,3.0538,3.0544
2015-04-20,3.0467,3.0473
2015-04-22,3.018,3.0186
2015-04-23,3.0077,3.0084
2015-04-24,2.9739,2.9745
2015-04-27,2.9229,2.9236
2015-04-28,2.8937,2.8943
2015-04-29,2.9369,2.9375
2015-04-30,2.993,2.9936
2015-05-04,3.0748,3.0754
2015-05-05,3.0619,3.0626
2015-05-06,3.0414,3.042
2015-05-07,3.0415,3.0421
2015-05-08,2.9959,2.9966
2015-05-11,3.0169,3.0175
2015-05-12,3.0382,3.0389
2015-05-13,3.0096,3.0103
2015-05-14,3.0026,3.0032
2015-05-15,2.9887,2.9894
2015-05-18,3.0139,3.0145
2015-05-19,3.0278,3.0284
2015-05-20,3.034,3.0347
2015-05-21,3.0289,3.0295
2015-05-22,3.0647,3.0653
2015-05-25,3.1206,3.1212
2015-05-26,3.1345,3.1351
2015-05-27,3.1734,3.174
2015-05-28,3.1741,3.1748
2015-05-29,3.1781,3.1788
2015-06-01,3.1783,3.1789
2015-06-02,3.1437,3.1443
2015-06-03,3.1178,3.1184
2015-06-05,3.1677,3.1684
2015-06-08,3.1184,3.119
2015-06-09,3.0985,3.0991
2015-06-10,3.0837,3.0843
2015-06-11,3.1508,3.1514
2015-06-12,3.1101,3.1107
2015-06-15,3.103,3.1036
2015-06-16,3.1076,3.1082
2015-06-17,3.0983,3.0989
2015-06-18,3.0466,3.0472
2015-06-19,3.0782,3.0788
2015-06-22,3.0751,3.0757
2015-06-23,3.1036,3.1042
2015-06-24,3.0846,3.0852
2015-06-25,3.1009,3.1015
2015-06-26,3.1265,3.1271
2015-06-29,3.1383,3.139
2015-06-30,3.1019,3.1026
2015-07-01,3.1185,3.1191
2015-07-02,3.1166,3.1173
2015-07-03,3.1265,3.1271
2015-07-06,3.1425,3.1431
2015-07-07,3.1803,3.1809
2015-07-08,3.2275,3.2282
2015-07-09,3.2152,3.2163
2015-07-10,3.1891,3.1897
2015-07-13,3.1588,3.1594
2015-07-14,3.1224,3.123
2015-07-15,3.1526,3.1532
2015-07-16,3.1369,3.1375
2015-07-17,3.1826,3.1832
2015-07-20,3.2143,3.2149
2015-07-21,3.1807,3.1813
2015-07-22,3.2088,3.2094
2015-07-23,3.2844,3.285
2015-07-24,3.3248,3.3254
2015-07-27,3.3551,3.3557
2015-07-28,3.3808,3.3815
2015-07-29,3.3413,3.3419
2015-07-30,3.3646,3.3652
2015-07-31,3.3934,3.394
2015-08-03,3.4419,3.4425
2015-08-04,3.4669,3.4675
2015-08-05,3.4844,3.4851
2015-08-06,3.5341,3.5347
2015-08-07,3.5175,3.5181
2015-08-10,3.4903,3.4909
2015-08-11,3.4919,3.4925
2015-08-12,3.482,3.4826
2015-08-13,3.5068,3.5074
2015-08-14,3.4755,3.4761
2015-08-17,3.4739,3.4746
2015-08-18,3.4805,3.4811
2015-08-19,3.4843,3.4849
2015-08-20,3.4745,3.4751
2015-08-21,3.489,3.4896
2015-08-24,3.5488,3.5494
2015-08-25,3.5339,3.5345
2015-08-26,3.632,3.6326
2015-08-27,3.5549,3.5555
2015-08-28,3.5784,3.579
2015-08-31,3.6461,3.6467
2015-09-01,3.6719,3.6725
2015-09-02,3.7307,3.7314
2015-09-03,3.7753,3.776
2015-09-04,3.798,3.7986
2015-09-08,3.8021,3.8028
2015-09-09,3.7864,3.787
2015-09-10,3.8691,3.8698
2015-09-11,3.8692,3.8698
2015-09-14,3.8647,3.8653
2015-09-15,3.8593,3.8599
2015-09-16,3.8361,3.8368
2015-09-17,3.8915,3.8921
2015-09-18,3.9015,3.9021
2015-09-21,3.9815,3.9821
2015-09-22,4.0419,4.0425
2015-09-23,4.1034,4.1041
2015-09-24,4.1942,4.1949
2015-09-25,3.9472,3.9479
2015-09-28,4.0093,4.0099
2015-09-29,4.1165,4.1172
2015-09-30,3.9722,3.9729
2015-10-01,3.9788,3.9794
2015-10-02,4.0003,4.001
2015-10-05,3.9135,3.9141
2015-10-06,3.8561,3.8567
2015-10-07,3.8053,3.806
2015-10-08,3.8511,3.8517
2015-10-09,3.738,3.7386
2015-10-13,3.8243,3.825
2015-10-14,3.8501,3.8507
2015-10-15,3.8337,3.8344
2015-10-16,3.8432,3.8438
2015-10-19,3.9009,3.9015
2015-10-20,3.865,3.8656
2015-10-21,3.938,3.9386
2015-10-22,3.9354,3.936
2015-10-23,3.8982,3.8988
2015-10-26,3.8575,3.8582
2015-10-27,3.9108,3.9114
2015-10-28,3.8791,3.8797
2015-10-29,3.9321,3.9328
2015-10-30,3.8582,3.8589
2015-11-03,3.812,3.8126
2015-11-04,3.768,3.7687
2015-11-05,3.7887,3.7893
2015-11-06,3.8053,3.8059
2015-11-09,3.7922,3.7928
2015-11-10,3.7975,3.7981
2015-11-11,3.732,3.7327
2015-11-12,3.799,3.7996
2015-11-13,3.8016,3.8023
2015-11-16,3.833,3.8336
2015-11-17,3.8045,3.8052
2015-11-18,3.7915,3.7921
2015-11-19,3.7435,3.7442
2015-11-20,3.7,3.701
2015-11-23,3.7224,3.7231
2015-11-24,3.7075,3.7081
2015-11-25,3.7682,3.7688
2015-11-26,3.76,3.7606
2015-11-27,3.7392,3.7399
2015-11-30,3.8499,3.8506
2015-12-01,3.8739,3.8745
2015-12-02,3.8539,3.8545
2015-12-03,3.7964,3.797
2015-12-04,3.7569,3.7575
2015-12-07,3.747,3.7476
2015-12-08,3.7915,3.7921
2015-12-09,3.7573,3.758
2015-12-10,3.7679,3.7685
2015-12-11,3.8541,3.8548
2015-12-14,3.9017,3.9023
2015-12-15,3.8697,3.8703
2015-12-16,3.9351,3.9357
2015-12-17,3.8923,3.8929
2015-12-18,3.9056,3.9062
2015-12-21,3.9825,3.9831
2015-12-22,3.9764,3.977
2015-12-23,3.9626,3.9632
2015-12-24,3.9511,3.9524
2015-12-28,3.918,3.9186
2015-12-29,3.8486,3.8492
2015-12-30,3.9042,3.9048
2015-12-31,3.9042,3.9048
2016-01-04,4.038,4.0387
2016-01-05,4.0108,4.0114
2016-01-06,4.0297,4.0303
2016-01-07,4.0469,4.0475
2016-01-08,4.0244,4.025
2016-01-11,4.0147,4.0153
2016-01-12,4.0293,4.0299
2016-01-13,3.9857,3.9863
2016-01-14,4.0217,4.0223
2016-01-15,4.0396,4.0402
2016-01-18,4.0358,4.0364
2016-01-19,4.0297,4.0303
2016-01-20,4.0855,4.0861
2016-01-21,4.1552,4.1558
2016-01-22,4.1226,4.1232
2016-01-25,4.0991,4.1002
2016-01-26,4.0961,4.0967
2016-01-27,4.0441,4.0448
2016-01-28,4.0832,4.0838
2016-01-29,4.0422,4.0428
2016-02-01,3.9979,3.9986
2016-02-02,3.9913,3.9919
2016-02-03,3.9552,3.9558
2016-02-04,3.8646,3.8653
2016-02-05,3.8969,3.8975
2016-02-10,3.9406,3.9412
2016-02-11,3.9636,3.9642
2016-02-12,3.9884,3.9891
2016-02-15,3.9879,3.9885
2016-02-16,4.0207,4.0213
2016-02-17,4.0312,4.0318
2016-02-18,4.0084,4.0091
2016-02-19,4.0486,4.0492
2016-02-22,3.9612,3.9618
2016-02-23,3.9678,3.9684
2016-02-24,3.9894,3.99
2016-02-25,3.9394,3.94
2016-02-26,3.9571,3.9578
2016-02-29,3.979,3.9796
2016-03-01,3.9907,3.9913
2016-03-02,3.911,3.9116
2016-03-03,3.8498,3.8504
2016-03-04,3.7182,3.7188
2016-03-07,3.7708,3.7714
2016-03-08,3.7807,3.7813
2016-03-09,3.7031,3.7037
2016-03-10,3.6694,3.67
2016-03-11,3.6265,3.6271
2016-03-14,3.6232,3.6239
2016-03-15,3.711,3.7116
2016-03-16,3.8073,3.8079
2016-03-17,3.6439,3.6445
2016-03-18,3.614,3.6146
2016-03-21,3.6223,3.6229
2016-03-22,3.6067,3.6073
2016-03-23,3.6525,3.6531
2016-03-24,3.6942,3.6948
2016-03-28,3.6401,3.6408
2016-03-29,3.6681,3.6687
2016-03-30,3.611,3.6116
2016-03-31,3.5583,3.5589
2016-04-01,3.5793,3.5799
2016-04-04,3.5865,3.5871
2016-04-05,3.6575,3.6581
2016-04-06,3.6743,3.6749
2016-04-07,3.6915,3.6921
2016-04-08,3.6379,3.6385
2016-04-11,3.5278,3.5284
2016-04-12,3.54,3.5406
2016-04-13,3.5423,3.5429
2016-04-14,3.512,3.5126
2016-04-15,3.527,3.5276
2016-04-18,3.5898,3.5904
2016-04-19,3.5532,3.5538
2016-04-20,3.5497,3.5503
2016-04-22,3.5823,3.5829
2016-04-25,3.5466,3.5472
2016-04-26,3.5294,3.5301
2016-04-27,3.5289,3.5295
2016-04-28,3.4986,3.4992
2016-04-29,3.4502,3.4508
2016-05-02,3.4985,3.4991
2016-05-03,3.5544,3.555
2016-05-04,3.5391,3.5397
2016-05-05,3.529,3.5296
2016-05-06,3.5356,3.5362
2016-05-09,3.538,3.5387
2016-05-10,3.4766,3.4772
2016-05-11,3.4639,3.4645
2016-05-12,3.4871,3.4877
2016-05-13,3.5035,3.5041
2016-05-16,3.5029,3.5035
2016-05-17,3.5031,3.5037
2016-05-18,3.5362,3.5368
2016-05-19,3.5997,3.6003
2016-05-20,3.5413,3.5419
2016-05-23,3.5654,3.566
2016-05-24,3.5485,3.5491
2016-05-25,3.5798,3.5804
2016-05-27,3.6162,3.6168
2016-05-30,3.5991,3.5997
2016-05-31,3.5945,3.5951
2016-06-01,3.612,3.6126
2016-06-02,3.5955,3.5961
2016-06-03,3.5403,3.5409
2016-06-06,3.5092,3.5098
2016-06-07,3.4739,3.4745
2016-06-08,3.3892,3.3898
2016-06-09,3.3811,3.3817
2016-06-10,3.4255,3.4261
2016-06-13,3.4527,3.4533
2016-06-14,3.4833,3.4839
2016-06-15,3.4762,3.4768
2016-06-16,3.4898,3.4904
2016-06-17,3.4366,3.4372
2016-06-20,3.3829,3.3835
2016-06-21,3.3891,3.3897
2016-06-22,3.3877,3.3883
2016-06-23,3.3527,3.3533
2016-06-24,3.3766,3.3772
2016-06-27,3.3928,3.3934
2016-06-28,3.3261,3.3267
2016-06-29,3.2429,3.2435
2016-06-30,3.2092,3.2098
2016-07-01,3.2292,3.2298
2016-07-04,3.2474,3.248
2016-07-05,3.2898,3.2904
2016-07-06,3.3236,3.3242
2016-07-07,3.3382,3.3388
2016-07-08,3.2962,3.2968
2016-07-11,3.3025,3.3031
2016-07-12,3.2744,3.275
2016-07-13,3.289,3.2896
2016-07-14,3.2305,3.2311
2016-07-15,3.265,3.2656
2016-07-18,3.2628,3.2634
2016-07-19,3.2795,3.2801
2016-07-20,3.2506,3.2512
2016-07-21,3.2579,3.2585
2016-07-22,3.2848,3.2854
2016-07-25,3.2813,3.2819
2016-07-26,3.2784,3.279
2016-07-27,3.2814,3.282
2016-07-28,3.2734,3.274
2016-07-29,3.2384,3.239
2016-08-01,3.2656,3.2662
2016-08-02,3.2484,3.249
2016-08-03,3.2727,3.2733
2016-08-04,3.2177,3.2183
2016-08-05,3.1853,3.1859
2016-08-08,3.1765,3.1771
2016-08-09,3.1497,3.1503
2016-08-10,3.1296,3.1302
2016-08-11,3.1358,3.1364
2016-08-12,3.1596,3.1602
2016-08-15,3.1666,3.1672
2016-08-16,3.1743,3.1749
2016-08-17,3.2242,3.2248
2016-08-18,3.2209,3.2215
2016-08-19,3.2261,3.2267
2016-08-22,3.2157,3.2163
2016-08-23,3.2047,3.2054
2016-08-24,3.2366,3.2372
2016-08-25,3.2313,3.2319
2016-08-26,3.2147,3.2153
2016-08-29,3.2607,3.2613
2016-08-30,3.2519,3.2525
2016-08-31,3.2397,3.2403
2016-09-01,3.2466,3.2472
2016-09-02,3.2425,3.2431
2016-09-05,3.2715,3.2721
2016-09-06,3.2446,3.2452
2016-09-08,3.1928,3.1934
2016-09-09,3.2632,3.2638
2016-09-12,3.2848,3.2854
2016-09-13,3.2966,3.2972
2016-09-14,3.3256,3.3262
2016-09-15,3.332,3.3326
2016-09-16,3.2998,3.3004
2016-09-19,3.263,3.2636
2016-09-20,3.2534,3.254
2016-09-21,3.2402,3.2408
2016-09-22,3.2009,3.2015
2016-09-23,3.2236,3.2242
2016-09-26,3.2394,3.24
2016-09-27,3.2352,3.2358
2016-09-28,3.247,3.2476
2016-09-29,3.2229,3.2235
2016-09-30,3.2456,3.2462
2016-10-03,3.2332,3.2338
2016-10-04,3.2197,3.2203
2016-10-05,3.2353,3.2359
2016-10-06,3.2304,3.231
2016-10-07,3.2128,3.2134
2016-10-10,3.2119,3.2125
2016-10-11,3.213,3.2136
2016-10-13,3.2081,3.2087
2016-10-14,3.1858,3.1864
2016-10-17,3.1957,3.1963
2016-10-18,3.1868,3.1874
2016-10-19,3.1794,3.18
2016-10-20,3.1599,3.1605
2016-10-21,3.1587,3.1593
2016-10-24,3.1305,3.1311
2016-10-25,3.1187,3.1193
2016-10-26,3.1213,3.1219
2016-10-27,3.1423,3.1429
2016-10-28,3.1809,3.1815
2016-10-31,3.1805,3.1811
2016-11-01,3.2047,3.2053
2016-11-03,3.2304,3.231
2016-11-04,3.2443,3.2449
2016-11-07,3.2018,3.2024
2016-11-08,3.2018,3.2024
2016-11-09,3.2252,3.2258
2016-11-10,3.3098,3.3104
2016-11-11,3.4371,3.4377
2016-11-14,3.444,3.4446
2016-11-16,3.4177,3.4183
2016-11-17,3.4046,3.4052
2016-11-18,3.3911,3.3917
2016-11-21,3.3511,3.3517
2016-11-22,3.347,3.3476
2016-11-23,3.3921,3.3927
2016-11-24,3.3981,3.3987
2016-11-25,3.4273,3.4279
2016-11-28,3.399,3.3996
2016-11-29,3.4054,3.406
2016-11-30,3.3961,3.3967
2016-12-01,3.4356,3.4362
2016-12-02,3.4644,3.465
2016-12-05,3.4592,3.4598
2016-12-06,3.4348,3.4354
2016-12-07,3.3889,3.3895
2016-12-08,3.4002,3.4008
2016-12-09,3.3852,3.3858
2016-12-12,3.3691,3.3697
2016-12-13,3.3334,3.334
2016-12-14,3.3097,3.3103
2016-12-15,3.3824,3.383
2016-12-16,3.3706,3.3712
2016-12-19,3.3772,3.3778
2016-12-20,3.358,3.3586
2016-12-21,3.3291,3.3297
2016-12-22,3.3296,3.3302
2016-12-23,3.269,3.2696
2016-12-26,3.2695,3.2701
2016-12-27,3.277,3.2776
2016-12-28,3.2768,3.2774
2016-12-29,3.2585,3.2591
2016-12-30,3.2585,3.2591
2017-01-02,3.2723,3.2729
2017-01-03,3.2626,3.2632
2017-01-04,3.2327,3.2333
2017-01-05,3.2123,3.2129
2017-01-06,3.2051,3.2057
2017-01-09,3.2091,3.2097
2017-01-10,3.1912,3.1918
2017-01-11,3.2148,3.2154
2017-01-12,3.1655,3.1661
2017-01-13,3.2028,3.2034
2017-01-16,3.2228,3.2234
2017-01-17,3.2094,3.21
2017-01-18,3.2205,3.2211
2017-01-19,3.2107,3.2113
2017-01-20,3.1912,3.1918
2017-01-23,3.1603,3.1609
2017-01-24,3.1643,3.1649
2017-01-25,3.1679,3.169
2017-01-26,3.1798,3.1804
2017-01-27,3.159,3.1596
2017-01-30,3.131,3.1316
2017-01-31,3.1264,3.127
2017-02-01,3.1473,3.1479
2017-02-02,3.119,3.1196
2017-02-03,3.1235,3.1241
2017-02-06,3.1173,3.1179
2017-02-07,3.1298,3.1304
2017-02-08,3.1248,3.1255
2017-02-09,3.1179,3.1185
2017-02-10,3.1149,3.1155
2017-02-13,3.1169,3.1175
2017-02-14,3.0998,3.1004
2017-02-15,3.0773,3.0779
2017-02-16,3.0504,3.051
2017-02-17,3.0944,3.095
2017-02-20,3.0912,3.0918
2017-02-21,3.0964,3.097
2017-02-22,3.0818,3.0824
2017-02-23,3.0632,3.0638
2017-02-24,3.0987,3.0993
2017-03-01,3.097,3.0976
2017-03-02,3.1132,3.1138
2017-03-03,3.1358,3.1364
2017-03-06,3.1105,3.1111
2017-03-07,3.1179,3.1185
2017-03-08,3.1471,3.1477
2017-03-09,3.1729,3.1735
2017-03-10,3.1617,3.1623
2017-03-13,3.1535,3.1541
2017-03-14,3.1633,3.1639
2017-03-15,3.1623,3.1629
2017-03-16,3.1074,3.108
2017-03-17,3.1069,3.1075
2017-03-20,3.0892,3.0898
2017-03-21,3.0759,3.0765
2017-03-22,3.0933,3.0939
2017-03-23,3.1242,3.1248
2017-03-24,3.1276,3.1282
2017-03-27,3.125,3.1256
2017-03-28,3.1297,3.1303
2017-03-29,3.1223,3.1229
2017-03-30,3.1241,3.1247
2017-03-31,3.1678,3.1684
2017-04-03,3.1161,3.1167
2017-04-04,3.1225,3.1231
2017-04-05,3.0917,3.0923
2017-04-06,3.1154,3.116
2017-04-07,3.1296,3.1302
2017-04-10,3.1403,3.1409
2017-04-11,3.1418,3.1424
2017-04-12,3.1457,3.1463
2017-04-13,3.1263,3.1269
2017-04-17,3.103,3.1036
2017-04-18,3.0952,3.0958
2017-04-19,3.1288,3.1294
2017-04-20,3.1447,3.1453
2017-04-24,3.1245,3.1251
2017-04-25,3.1571,3.1577
2017-04-26,3.1841,3.1847
2017-04-27,3.1757,3.1763
2017-04-28,3.1978,3.1984
2017-05-02,3.1718,3.1724
2017-05-03,3.1483,3.1489
2017-05-04,3.1774,3.178
2017-05-05,3.1758,3.1764
2017-05-08,3.1932,3.1938
2017-05-09,3.1851,3.1857
2017-05-10,3.16,3.1606
2017-05-11,3.1553,3.1559
2017-05-12,3.1284,3.129
2017-05-15,3.1005,3.1011
2017-05-16,3.0918,3.0924
2017-05-17,3.107,3.1076
2017-05-18,3.3756,3.3807
2017-05-19,3.2872,3.2878
2017-05-22,3.2857,3.2863
2017-05-23,3.2648,3.2654
2017-05-24,3.2623,3.2629
2017-05-25,3.2818,3.2824
2017-05-26,3.2608,3.2614
2017-05-29,3.2703,3.2709
2017-05-30,3.2653,3.2659
2017-05-31,3.2431,3.2437
2017-06-01,3.2301,3.2307
2017-06-02,3.2395,3.2401
2017-06-05,3.2814,3.282
2017-06-06,3.2811,3.2817
2017-06-07,3.2741,3.2747
2017-06-08,3.2832,3.2838
2017-06-09,3.2734,3.274
2017-06-12,3.298,3.2986
2017-06-13,3.3202,3.3208
2017-06-14,3.283,3.2836
2017-06-16,3.2886,3.2892
2017-06-19,3.2969,3.2975
2017-06-20,3.3139,3.3145
2017-06-21,3.3241,3.3247
2017-06-22,3.3356,3.3362
2017-06-23,3.3336,3.3342
2017-06-26,3.3122,3.3128
2017-06-27,3.3166,3.3172
2017-06-28,3.3024,3.303
2017-06-29,3.2946,3.2952
2017-06-30,3.3076,3.3082
2017-07-03,3.3009,3.3015
2017-07-04,3.3044,3.305
2017-07-05,3.3187,3.3193
2017-07-06,3.3058,3.3064
2017-07-07,3.2889,3.2895
2017-07-10,3.2644,3.265
2017-07-11,3.2516,3.2522
2017-07-12,3.2258,3.2264
2017-07-13,3.2102,3.2108
2017-07-14,3.1893,3.1899
2017-07-17,3.1815,3.1821
2017-07-18,3.1662,3.1668
2017-07-19,3.1527,3.1533
2017-07-20,3.1396,3.1402
2017-07-21,3.125,3.1256
2017-07-24,3.1453,3.1459
2017-07-25,3.155,3.1556
2017-07-26,3.1651,3.1657
2017-07-27,3.1507,3.1513
2017-07-28,3.1451,3.1457
2017-07-31,3.1301,3.1307
2017-08-01,3.1154,3.1161
2017-08-02,3.1262,3.1268
2017-08-03,3.1188,3.1194
2017-08-04,3.1218,3.1224
2017-08-07,3.1261,3.1267
2017-08-08,3.1314,3.132
2017-08-09,3.1458,3.1464
2017-08-10,3.1537,3.1543
2017-08-11,3.1689,3.1695
2017-08-14,3.1882,3.1888
2017-08-15,3.197,3.1976
2017-08-16,3.1664,3.167
2017-08-17,3.1597,3.1603
2017-08-18,3.1648,3.1654
2017-08-21,3.1437,3.1443
2017-08-22,3.1533,3.1539
2017-08-23,3.1563,3.1569
2017-08-24,3.1398,3.1404
2017-08-25,3.1456,3.1462
2017-08-28,3.1557,3.1563
2017-08-29,3.1689,3.1695
2017-08-30,3.1632,3.1638
2017-08-31,3.1465,3.1471
2017-09-01,3.1327,3.1333
2017-09-04,3.1383,3.1389
2017-09-05,3.1197,3.1203
2017-09-06,3.1127,3.1133
2017-09-08,3.0902,3.0908
2017-09-11,3.0846,3.0852
2017-09-12,3.1138,3.1144
2017-09-13,3.1337,3.1343
2017-09-14,3.1348,3.1354
2017-09-15,3.1249,3.1255
2017-09-18,3.1233,3.1239
2017-09-19,3.1317,3.1323
2017-09-20,3.1275,3.1281
2017-09-21,3.1341,3.1347
2017-09-22,3.1279,3.1285
2017-09-25,3.1406,3.1412
2017-09-26,3.1668,3.1674
2017-09-27,3.1926,3.1932
2017-09-28,3.1865,3.1871
2017-09-29,3.1674,3.168
2017-10-02,3.1636,3.1642
2017-10-03,3.1496,3.1502
2017-10-04,3.1309,3.1315
2017-10-05,3.1341,3.1347
2017-10-06,3.1642,3.1648
2017-10-09,3.1764,3.177
2017-10-10,3.1682,3.1688
2017-10-11,3.1633,3.1639
2017-10-13,3.1567,3.1572
2017-10-16,3.1601,3.1607
2017-10-17,3.1763,3.1769
2017-10-18,3.1667,3.1673
2017-10-19,3.1727,3.1732
2017-10-20,3.1827,3.1833
2017-10-23,3.1997,3.2003
2017-10-24,3.2464,3.247
2017-10-25,3.2381,3.2387
2017-10-26,3.2438,3.2444
2017-10-27,3.2795,3.2801
2017-10-30,3.2541,3.2547
2017-10-31,3.2763,3.2769
2017-11-01,3.273,3.2736
2017-11-03,3.2914,3.292
2017-11-06,3.2845,3.2851
2017-11-07,3.2727,3.2733
2017-11-08,3.2503,3.2509
2017-11-09,3.2509,3.2515
2017-11-10,3.2655,3.2661
2017-11-13,3.2867,3.2873
2017-11-14,3.2828,3.2834
2017-11-16,3.2802,3.2808
2017-11-17,3.2782,3.2788
2017-11-20,3.2608,3.2623
2017-11-21,3.2585,3.2591
2017-11-22,3.2555,3.2561
2017-11-23,3.2365,3.2371
2017-11-24,3.2294,3.23
2017-11-27,3.2212,3.2218
2017-11-28,3.2226,3.2232
2017-11-29,3.213,3.2136
2017-11-30,3.261,3.2616
2017-12-01,3.263,3.2636
2017-12-04,3.25,3.2506
2017-12-05,3.2316,3.2322
2017-12-06,3.2348,3.2354
2017-12-07,3.2886,3.2892
2017-12-08,3.2805,3.2811
2017-12-11,3.2839,3.2845
2017-12-12,3.3143,3.3149
2017-12-13,3.303,3.3036
2017-12-14,3.3326,3.3332
2017-12-15,3.3176,3.3182
2017-12-18,3.2875,3.2881
2017-12-19,3.2877,3.2883
2017-12-20,3.2903,3.2909
2017-12-21,3.3039,3.3045
2017-12-22,3.3203,3.3209
2017-12-26,3.3194,3.32
2017-12-27,3.3024,3.3031
2017-12-28,3.3074,3.308
2017-12-29,3.3074,3.308
2018-01-02,3.2691,3.2697
2018-01-03,3.2529,3.2535
2018-01-04,3.2312,3.2318
2018-01-05,3.2403,3.2409
2018-01-08,3.2351,3.2357
2018-01-09,3.2391,3.2397
2018-01-10,3.2461,3.2467
2018-01-11,3.2295,3.2301
2018-01-12,3.2192,3.2197
2018-01-15,3.1957,3.1963
2018-01-16,3.2213,3.2219
2018-01-17,3.2318,3.2324
2018-01-18,3.2123,3.2129
2018-01-19,3.2081,3.2087
2018-01-22,3.1928,3.1934
2018-01-23,3.2243,3.2249
2018-01-24,3.1964,3.197
2018-01-25,3.138,3.1391
2018-01-26,3.1444,3.145
2018-01-29,3.1648,3.1655
2018-01-30,3.1655,3.1661
2018-01-31,3.1618,3.1624
2018-02-01,3.1724,3.173
2018-02-02,3.2054,3.206
2018-02-05,3.2349,3.2355
2018-02-06,3.2607,3.2613
2018-02-07,3.2461,3.2467
2018-02-08,3.2686,3.2692
2018-02-09,3.2815,3.2821
2018-02-14,3.2531,3.2536
2018-02-15,3.2202,3.2208
2018-02-16,3.2375,3.2381
2018-02-19,3.2341,3.2347
2018-02-20,3.2501,3.2507
2018-02-21,3.2549,3.2555
2018-02-22,3.2592,3.2598
2018-02-23,3.2411,3.2417
2018-02-26,3.2345,3.2351
2018-02-27,3.2377,3.2383
2018-02-28,3.2443,3.2449
2018-03-01,3.2614,3.262
2018-03-02,3.2608,3.2614
2018-03-05,3.2576,3.2582
2018-03-06,3.224,3.2246
2018-03-07,3.2312,3.2318
2018-03-08,3.2512,3.2518
2018-03-09,3.249,3.2496
2018-03-12,3.26,3.2606
2018-03-13,3.2486,3.2492
2018-03-14,3.2578,3.2584
2018-03-15,3.2853,3.2859
2018-03-16,3.2899,3.2905
2018-03-19,3.2905,3.2911
2018-03-20,3.2975,3.2981
2018-03-21,3.2915,3.2921
2018-03-22,3.3027,3.3033
2018-03-23,3.3035,3.3041
2018-03-26,3.3028,3.3034
2018-03-27,3.325,3.3256
2018-03-28,3.3374,3.338
2018-03-29,3.3232,3.3238
2018-04-02,3.3098,3.3104
2018-04-03,3.3133,3.3139
2018-04-04,3.3532,3.3538
2018-04-05,3.319,3.3196
2018-04-06,3.366,3.3666
2018-04-09,3.3897,3.3903
2018-04-10,3.4189,3.4195
2018-04-11,3.4046,3.4052
2018-04-12,3.3852,3.3858
2018-04-13,3.4099,3.4105
2018-04-16,3.4257,3.4263
2018-04-17,3.4035,3.4041
2018-04-18,3.3838,3.3844
2018-04-19,3.3971,3.3977
2018-04-20,3.4096,3.4101
2018-04-23,3.4415,3.4421
2018-04-24,3.4661,3.4667
2018-04-25,3.5034,3.504
2018-04-26,3.4971,3.4977
2018-04-27,3.467,3.4676
2018-04-30,3.4805,3.4811
2018-05-02,3.5418,3.5424
2018-05-03,3.5478,3.5484
2018-05-04,3.5302,3.5308
2018-05-07,3.5452,3.5458
2018-05-08,3.5782,3.5788
2018-05-09,3.5937,3.5943
2018-05-10,3.5561,3.5566
2018-05-11,3.571,3.5716
2018-05-14,3.6091,3.6097
2018-05-15,3.6747,3.6753
2018-05-16,3.6797,3.6803
2018-05-17,3.6868,3.6874
2018-05-18,3.7497,3.7503
2018-05-21,3.7066,3.7072
2018-05-22,3.6496,3.6502
2018-05-23,3.6501,3.6507
2018-05-24,3.643,3.6436
2018-05-25,3.6581,3.6587
2018-05-28,3.7086,3.7092
2018-05-29,3.7283,3.7289
2018-05-30,3.7364,3.737
2018-06-01,3.7407,3.7413
2018-06-04,3.7418,3.7424
2018-06-05,3.7746,3.7752
2018-06-06,3.8187,3.8193
2018-06-07,3.8994,3.9
2018-06-08,3.7853,3.7859
2018-06-11,3.6907,3.6913
2018-06-12,3.7038,3.7044
2018-06-13,3.7048,3.7054
2018-06-14,3.7051,3.7057
2018-06-15,3.7732,3.7738
2018-06-18,3.7537,3.7543
2018-06-19,3.756,3.7566
2018-06-20,3.7329,3.7335
2018-06-21,3.7888,3.7894
2018-06-22,3.7657,3.7663
2018-06-25,3.7754,3.776
2018-06-26,3.7715,3.7721
2018-06-27,3.8352,3.8358
2018-06-28,3.8515,3.8521
2018-06-29,3.8552,3.8558
2018-07-02,3.9049,3.9055
2018-07-03,3.8914,3.892
2018-07-04,3.9052,3.9058
2018-07-05,3.9186,3.9192
2018-07-06,3.9258,3.9264
2018-07-09,3.868,3.8692
2018-07-10,3.8446,3.8452
2018-07-11,3.8411,3.8417
2018-07-12,3.8558,3.8564
2018-07-13,3.8739,3.8745
2018-07-16,3.8573,3.8579
2018-07-17,3.8665,3.8671
2018-07-18,3.8468,3.8474
2018-07-19,3.8841,3.8847
2018-07-20,3.7787,3.7793
2018-07-23,3.7909,3.7915
2018-07-24,3.7453,3.7459
2018-07-25,3.7114,3.712
2018-07-26,3.7237,3.7243
2018-07-27,3.7158,3.7164
2018-07-30,3.7149,3.7155
2018-07-31,3.7543,3.7549
2018-08-01,3.7485,3.7491
2018-08-02,3.7639,3.7645
2018-08-03,3.7195,3.7201
2018-08-06,3.7208,3.7214
2018-08-07,3.7112,3.7118
2018-08-08,3.7513,3.7519
2018-08-09,3.8024,3.803
2018-08-10,3.8466,3.8472
2018-08-13,3.8982,3.8988
2018-08-14,3.8806,3.8812
2018-08-15,3.9128,3.9134
2018-08-16,3.8804,3.881
2018-08-17,3.9383,3.9389
2018-08-20,3.9424,3.943
2018-08-21,3.9867,3.9873
2018-08-22,4.0734,4.074
2018-08-23,4.0721,4.0727
2018-08-24,4.0848,4.0854
2018-08-27,4.0681,4.0687
2018-08-28,4.1186,4.1192
2018-08-29,4.1347,4.1353
2018-08-30,4.1806,4.1812
2018-08-31,4.1347,4.1353
2018-09-03,4.1273,4.1279
2018-09-04,4.1646,4.1652
2018-09-05,4.1603,4.1609
2018-09-06,4.1454,4.146
2018-09-10,4.1001,4.1007
2018-09-11,4.1635,4.1641
2018-09-12,4.1253,4.1259
2018-09-13,4.1631,4.1637
2018-09-14,4.1873,4.1879
2018-09-17,4.1689,4.1695
2018-09-18,4.1363,4.1369
2018-09-19,4.1345,4.1351
2018-09-20,4.0991,4.0997
2018-09-21,4.0722,4.0728
2018-09-24,4.0588,4.0594
2018-09-25,4.128,4.1286
2018-09-26,4.0564,4.057
2018-09-27,4.0086,4.0092
2018-09-28,4.0033,4.0039
2018-10-01,4.0267,4.0273
2018-10-02,3.9499,3.9505
2018-10-03,3.8536,3.8542
2018-10-04,3.9041,3.9047
2018-10-05,3.8693,3.8699
2018-10-08,3.7582,3.7588
2018-10-09,3.7385,3.7391
2018-10-10,3.7504,3.751
2018-10-11,3.7454,3.746
2018-10-15,3.7326,3.7332
2018-10-16,3.7073,3.7079
2018-10-17,3.7002,3.7008
2018-10-18,3.6957,3.6963
2018-10-19,3.7073,3.7079
2018-10-22,3.6897,3.6903
2018-10-23,3.7074,3.708
2018-10-24,3.7054,3.706
2018-10-25,3.7008,3.7014
2018-10-26,3.6746,3.6753
2018-10-29,3.6362,3.6368
2018-10-30,3.7013,3.7019
2018-10-31,3.7171,3.7177
2018-11-01,3.6968,3.6973
2018-11-05,3.7042,3.7048
2018-11-06,3.7486,3.7492
2018-11-07,3.7586,3.7592
2018-11-08,3.7385,3.7391
2018-11-09,3.75,3.7506
2018-11-12,3.7472,3.7478
2018-11-13,3.7786,3.7792
2018-11-14,3.7918,3.7924
2018-11-16,3.7519,3.7525
2018-11-19,3.7547,3.7553
2018-11-20,3.7574,3.7591
2018-11-21,3.7866,3.7872
2018-11-22,3.8097,3.8103
2018-11-23,3.8075,3.8081
2018-11-26,3.8649,3.8655
2018-11-27,3.8919,3.8925
2018-11-28,3.8625,3.8631
2018-11-29,3.8562,3.8568
2018-11-30,3.8627,3.8633
2018-12-03,3.8279,3.8285
2018-12-04,3.8307,3.8313
2018-12-05,3.8555,3.8561
2018-12-06,3.9172,3.9178
2018-12-07,3.8958,3.8964
2018-12-10,3.9104,3.911
2018-12-11,3.9007,3.9013
2018-12-12,3.8623,3.8629
2018-12-13,3.8784,3.879
2018-12-14,3.9084,3.909
2018-12-17,3.9115,3.9121
2018-12-18,3.8991,3.8997
2018-12-19,3.8901,3.8907
2018-12-20,3.8437,3.8443
2018-12-21,3.8665,3.8671
2018-12-24,3.8839,3.8855
2018-12-26,3.9252,3.9258
2018-12-27,3.9324,3.933
2018-12-28,3.8742,3.8748
2018-12-31,3.8742,3.8748
2019-01-02,3.8589,3.8595
2019-01-03,3.7677,3.7683
2019-01-04,3.7621,3.7627
2019-01-07,3.7056,3.7062
2019-01-08,3.7202,3.7208
2019-01-09,3.6925,3.6931
2019-01-10,3.6863,3.6869
2019-01-11,3.7135,3.7141
2019-01-14,3.7255,3.726
2019-01-15,3.7043,3.7049
2019-01-16,3.7191,3.7197
2019-01-17,3.7585,3.7591
2019-01-18,3.748,3.7486
2019-01-21,3.7699,3.7705
2019-01-22,3.7609,3.7615
2019-01-23,3.7988,3.7994
2019-01-24,3.7809,3.7815
2019-01-25,3.7613,3.7626
2019-01-28,3.767,3.7676
2019-01-29,3.7364,3.737
2019-01-30,3.7145,3.7151
2019-01-31,3.6513,3.6519
2019-02-01,3.6688,3.6694
2019-02-04,3.675,3.6756
2019-02-05,3.6735,3.6741
2019-02-06,3.7013,3.7019
2019-02-07,3.7187,3.7193
2019-02-08,3.7178,3.7184
2019-02-11,3.7385,3.7391
2019-02-12,3.729,3.7296
2019-02-13,3.7271,3.7277
2019-02-14,3.775,3.7756
2019-02-15,3.7149,3.7155
2019-02-18,3.731,3.7316
2019-02-19,3.72,3.7206
2019-02-20,3.7094,3.71
2019-02-21,3.7589,3.7595
2019-02-22,3.7424,3.743
2019-02-25,3.7279,3.7285
2019-02-26,3.7589,3.7595
2019-02-27,3.7345,3.7351
2019-02-28,3.7379,3.7385
2019-03-01,3.7826,3.7832
2019-03-06,3.8297,3.8303
2019-03-07,3.8481,3.8487
2019-03-08,3.8672,3.8678
2019-03-11,3.8455,3.8461
2019-03-12,3.8123,3.8129
2019-03-13,3.8259,3.8265
2019-03-14,3.8321,3.8327
2019-03-15,3.8338,3.8344
2019-03-18,3.8105,3.8111
2019-03-19,3.7756,3.7762
2019-03-20,3.7891,3.7897
2019-03-21,3.7961,3.7967
2019-03-22,3.8809,3.8815
2019-03-25,3.8764,3.877
2019-03-26,3.864,3.8646
2019-03-27,3.9383,3.9389
2019-03-28,3.9676,3.9682
2019-03-29,3.8961,3.8967
2019-04-01,3.8676,3.8682
2019-04-02,3.8655,3.8661
2019-04-03,3.843,3.8436
2019-04-04,3.8707,3.8713
2019-04-05,3.8616,3.8622
2019-04-08,3.8652,3.8658
2019-04-09,3.8557,3.8563
2019-04-10,3.8339,3.8345
2019-04-11,3.8393,3.8399
2019-04-12,3.8679,3.8685
2019-04-15,3.8724,3.873
2019-04-16,3.8907,3.8913
2019-04-17,3.9219,3.9225
2019-04-18,3.9364,3.937
2019-04-22,3.9224,3.923
2019-04-23,3.943,3.9436
2019-04-24,3.9624,3.963
2019-04-25,3.9719,3.9725
2019-04-26,3.9347,3.9353
2019-04-29,3.9358,3.9364
2019-04-30,3.9447,3.9453
2019-05-02,3.9644,3.965
2019-05-03,3.9382,3.9388
2019-05-06,3.9618,3.9624
2019-05-07,3.9874,3.988
2019-05-08,3.9338,3.9344
2019-05-09,3.9667,3.9673
2019-05-10,3.9572,3.9578
2019-05-13,3.9884,3.989
2019-05-14,3.9782,3.9788
2019-05-15,4.0025,4.0031
2019-05-16,4.0132,4.0138
2019-05-17,4.0838,4.0844
2019-05-20,4.105,4.1056
2019-05-21,4.0804,4.081
2019-05-22,4.0222,4.0228
2019-05-23,4.0507,4.0513
2019-05-24,4.0316,4.0322
2019-05-27,4.0204,4.021
2019-05-28,4.0269,4.0275
2019-05-29,3.9959,3.9965
2019-05-30,3.9714,3.972
2019-05-31,3.9401,3.9407
2019-06-03,3.8997,3.9003
2019-06-04,3.8704,3.871
2019-06-05,3.8605,3.8611
2019-06-06,3.872,3.8726
2019-06-07,3.8565,3.8571
2019-06-10,3.8784,3.879
2019-06-11,3.8658,3.8664
2019-06-12,3.8431,3.8437
2019-06-13,3.8423,3.8429
2019-06-14,3.8807,3.8813
2019-06-17,3.8889,3.8895
2019-06-18,3.8602,3.8608
2019-06-19,3.8717,3.8723
2019-06-21,3.8249,3.8255
2019-06-24,3.8228,3.8234
2019-06-25,3.8297,3.8303
2019-06-26,3.8435,3.8441
2019-06-27,3.8636,3.8642
2019-06-28,3.8316,3.8322
2019-07-01,3.8187,3.8193
2019-07-02,3.8558,3.8564
2019-07-03,3.8469,3.8475
2019-07-04,3.7934,3.794
2019-07-05,3.8198,3.8204
2019-07-08,3.8059,3.8065
2019-07-09,3.7846,3.7858
2019-07-10,3.7691,3.7697
2019-07-11,3.7527,3.7533
2019-07-12,3.7446,3.7452
2019-07-15,3.7457,3.7463
2019-07-16,3.7618,3.7624
2019-07-17,3.7612,3.7618
2019-07-18,3.7483,3.7489
2019-07-19,3.7402,3.7408
2019-07-22,3.7394,3.74
2019-07-23,3.7615,3.7621
2019-07-24,3.759,3.7596
2019-07-25,3.7843,3.7849
2019-07-26,3.7735,3.7741
2019-07-29,3.7903,3.7909
2019-07-30,3.7894,3.79
2019-07-31,3.7643,3.7649
2019-08-01,3.829,3.8296
2019-08-02,3.8733,3.8739
2019-08-05,3.9398,3.9404
2019-08-06,3.9637,3.9643
2019-08-07,3.9844,3.985
2019-08-08,3.9403,3.9409
2019-08-09,3.9356,3.9362
2019-08-12,3.996,3.9966
2019-08-13,3.973,3.9736
2019-08-14,4.0068,4.0074
2019-08-15,4.0182,4.0188
2019-08-16,3.9927,3.9933
2019-08-19,4.0268,4.0274
2019-08-20,4.0419,4.0425
2019-08-21,4.0248,4.0254
2019-08-22,4.0438,4.0444
2019-08-23,4.0845,4.0851
2019-08-26,4.1361,4.1367
2019-08-27,4.1551,4.1557
2019-08-28,4.1553,4.1559
2019-08-29,4.1674,4.168
2019-08-30,4.1379,4.1385
2019-09-02,4.1575,4.1581
2019-09-03,4.1651,4.1657
2019-09-04,4.1243,4.1249
2019-09-05,4.0853,4.0859
2019-09-06,4.0644,4.065
2019-09-09,4.076,4.0766
2019-09-10,4.1102,4.1108
2019-09-11,4.0625,4.0631
2019-09-12,4.0488,4.0494
2019-09-13,4.061,4.0616
2019-09-16,4.0866,4.0872
2019-09-17,4.0992,4.0998
2019-09-18,4.0966,4.0972
2019-09-19,4.1387,4.1393
2019-09-20,4.1681,4.1687
2019-09-23,4.1728,4.1734
2019-09-24,4.1715,4.1721
2019-09-25,4.1821,4.1827
2019-09-26,4.1463,4.1469
2019-09-27,4.1581,4.1587
2019-09-30,4.1638,4.1644
2019-10-01,4.1734,4.174
2019-10-02,4.154,4.1546
2019-10-03,4.1006,4.1012
2019-10-04,4.0604,4.061
2019-10-07,4.0682,4.0688
2019-10-08,4.0862,4.0868
2019-10-09,4.0948,4.0954
2019-10-10,4.1139,4.1145
2019-10-11,4.1054,4.106
2019-10-14,4.1257,4.1263
2019-10-15,4.1482,4.1488
2019-10-16,4.1708,4.1714
2019-10-17,4.1452,4.1457
2019-10-18,4.137,4.1376
2019-10-21,4.1313,4.1319
2019-10-22,4.0852,4.0858
2019-10-23,4.0715,4.0721
2019-10-24,4.0083,4.0089
2019-10-25,4.0127,4.0133
2019-10-28,3.9786,3.9793
2019-10-29,3.994,3.9946
2019-10-30,4.018,4.0186
2019-10-31,4.0035,4.0041
2019-11-01,3.978,3.9786
2019-11-04,3.9916,3.9922
2019-11-05,4.0037,4.0043
2019-11-06,4.0345,4.0351
2019-11-07,4.0921,4.0927
2019-11-08,4.1359,4.1365
2019-11-11,4.1553,4.1559
2019-11-12,4.175,4.1756
2019-11-13,4.1761,4.1767
2019-11-14,4.1825,4.1831
2019-11-18,4.1821,4.1827
2019-11-19,4.2078,4.2084
2019-11-20,4.2027,4.2037
2019-11-21,4.2006,4.2012
2019-11-22,4.1826,4.1832
2019-11-25,4.2083,4.2089
2019-11-26,4.2553,4.2559
2019-11-27,4.2596,4.2602
2019-11-28,4.2474,4.248
2019-11-29,4.2234,4.224
2019-12-02,4.2255,4.2261
2019-12-03,4.2002,4.2008
2019-12-04,4.192,4.1926
2019-12-05,4.213,4.2136
2019-12-06,4.1777,4.1783
2019-12-09,4.1497,4.1503
2019-12-10,4.1421,4.1427
2019-12-11,4.1147,4.1153
2019-12-12,4.1086,4.1092
2019-12-13,4.0943,4.0949
2019-12-16,4.0795,4.0801
2019-12-17,4.0681,4.0687
2019-12-18,4.0542,4.0548
2019-12-19,4.0627,4.0633
2019-12-20,4.0771,4.0777
2019-12-23,4.0751,4.0757
2019-12-24,4.0793,4.0813
2019-12-26,4.0595,4.0601
2019-12-27,4.0539,4.0545
2019-12-30,4.0301,4.0307
2019-12-31,4.0301,4.0307
2020-01-02,4.0207,4.0213
2020-01-03,4.0516,4.0522
2020-01-06,4.0548,4.0554
2020-01-07,4.0835,4.0841
2020-01-08,4.0666,4.0672
2020-01-09,4.0738,4.0744
2020-01-10,4.0739,4.0745
2020-01-13,4.1303,4.1309
2020-01-14,4.1437,4.1443
2020-01-15,4.1616,4.1622
2020-01-16,4.172,4.1726
2020-01-17,4.1831,4.1837
2020-01-20,4.1823,4.1829
2020-01-21,4.2008,4.2014
2020-01-22,4.1883,4.1889
2020-01-23,4.1656,4.1662
2020-01-24,4.1763,4.1769
2020-01-27,4.219,4.2196
2020-01-28,4.2058,4.2064
2020-01-29,4.2007,4.2013
2020-01-30,4.2517,4.2523
2020-01-31,4.2689,4.2695
2020-02-03,4.2469,4.2475
2020-02-04,4.2375,4.2381
2020-02-05,4.2443,4.2449
2020-02-06,4.2471,4.2477
2020-02-07,4.307,4.3076
2020-02-10,4.3189,4.3195
2020-02-11,4.3142,4.3148
2020-02-12,4.336,4.3366
2020-02-13,4.3383,4.3389
2020-02-14,4.3157,4.3163
2020-02-17,4.3151,4.3157
2020-02-18,4.3465,4.3471
2020-02-19,4.3722,4.3728
2020-02-20,4.3867,4.3873
2020-02-21,4.3918,4.3924
2020-02-26,4.4353,4.4359
2020-02-27,4.4758,4.4764
2020-02-28,4.4981,4.4987
2020-03-02,4.494,4.4946
2020-03-03,4.4877,4.4883
2020-03-04,4.5252,4.5258
2020-03-05,4.6201,4.6207
2020-03-06,4.6453,4.6459
2020-03-09,4.7373,4.7379
2020-03-10,4.6687,4.6693
2020-03-11,4.6732,4.6738
2020-03-12,4.8825,4.8833
2020-03-13,4.7355,4.7362
2020-03-16,4.9464,4.9471
2020-03-17,5.0489,5.0496
2020-03-18,5.1101,5.1107
2020-03-19,5.1437,5.1444
2020-03-20,5.0241,5.0248
2020-03-23,5.0798,5.0805
2020-03-24,5.0707,5.0713
2020-03-25,5.07,5.0706
2020-03-26,5.0004,5.001
2020-03-27,5.1103,5.1109
2020-03-30,5.1588,5.1594
2020-03-31,5.1981,5.1987
2020-04-01,5.2399,5.2404
2020-04-02,5.2645,5.2651
2020-04-03,5.2991,5.2997
2020-04-06,5.2465,5.2471
2020-04-07,5.2211,5.2217
2020-04-08,5.2117,5.2123
2020-04-09,5.0773,5.0779
2020-04-13,5.1818,5.1824
2020-04-14,5.1852,5.1858
2020-04-15,5.2573,5.2579
2020-04-16,5.2371,5.2377
2020-04-17,5.2567,5.2573
2020-04-20,5.2831,5.2837
2020-04-22,5.3841,5.3847
2020-04-23,5.4461,5.4467
2020-04-24,5.6504,5.651
2020-04-27,5.6352,5.6358
2020-04-28,5.5677,5.5683
2020-04-29,5.4285,5.4291
2020-04-30,5.4264,5.427
2020-05-04,5.5811,5.5816
2020-05-05,5.5348,5.5354
2020-05-06,5.667,5.6676
2020-05-07,5.8359,5.8365
2020-05-08,5.7647,5.7653
2020-05-11,5.7948,5.7954
2020-05-12,5.7717,5.7723
2020-05-13,5.9016,5.9022
2020-05-14,5.9366,5.9372
2020-05-15,5.8223,5.8229
2020-05-18,5.7369,5.7375
2020-05-19,5.721,5.7216
2020-05-20,5.6962,5.6968
2020-05-21,5.6013,5.6019
2020-05-22,5.5802,5.5808
2020-05-25,5.4766,5.4772
2020-05-26,5.3701,5.3707
2020-05-27,5.2986,5.2992
2020-05-28,5.3399,5.3405
2020-05-29,5.4257,5.4263
2020-06-01,5.3633,5.3639
2020-06-02,5.2595,5.2601
2020-06-03,5.051,5.0516
2020-06-04,5.1035,5.1041
2020-06-05,4.9769,4.9775
2020-06-08,4.9325,4.9331
2020-06-09,4.9051,4.9057
2020-06-10,4.8888,4.8894
2020-06-12,5.0367,5.0373
2020-06-15,5.1877,5.1883
2020-06-16,5.1279,5.1285
2020-06-17,5.2492,5.2499
2020-06-18,5.3462,5.3468
2020-06-19,5.346,5.3466
2020-06-22,5.222,5.2226
2020-06-23,5.1699,5.1705
2020-06-24,5.2429,5.2435
2020-06-25,5.3281,5.3287
2020-06-26,5.4623,5.4629
2020-06-29,5.441,5.4416
2020-06-30,5.4754,5.476
2020-07-01,5.3646,5.3651
2020-07-02,5.3022,5.3028
2020-07-03,5.3368,5.3374
2020-07-06,5.3079,5.3085
2020-07-07,5.3312,5.3318
2020-07-08,5.3476,5.3482
2020-07-09,5.2972,5.2978
2020-07-10,5.3434,5.344
2020-07-13,5.348,5.3486
2020-07-14,5.4282,5.4288
2020-07-15,5.3485,5.3491
2020-07-16,5.3554,5.356
2020-07-17,5.3504,5.351
2020-07-20,5.3629,5.3635
2020-07-21,5.2277,5.2283
2020-07-22,5.1105,5.1111
2020-07-23,5.1641,5.1647
2020-07-24,5.214,5.2146
2020-07-27,5.1883,5.1889
2020-07-28,5.1771,5.1777
2020-07-29,5.1389,5.1395
2020-07-30,5.1831,5.1837
2020-07-31,5.2027,5.2033
2020-08-03,5.3069,5.3075
2020-08-04,5.3323,5.3329
2020-08-05,5.2754,5.276
2020-08-06,5.3425,5.3431
2020-08-07,5.4221,5.4227
2020-08-10,5.3927,5.3933
2020-08-11,5.4279,5.4285
2020-08-12,5.4545,5.4551
2020-08-13,5.3795,5.3801
2020-08-14,5.3846,5.3852
2020-08-17,5.4491,5.4497
2020-08-18,5.4653,5.4659
2020-08-19,5.49,5.4906
2020-08-20,5.6504,5.651
2020-08-21,5.6058,5.6064
2020-08-24,5.5948,5.5954
2020-08-25,5.5991,5.5997
2020-08-26,5.5674,5.568
2020-08-27,5.595,5.5956
2020-08-28,5.4673,5.4679
2020-08-31,5.4707,5.4713
2020-09-01,5.3726,5.3732
2020-09-02,5.3735,5.3741
2020-09-03,5.3073,5.3079
2020-09-04,5.2842,5.2848
2020-09-08,5.3692,5.3698
2020-09-09,5.3018,5.3024
2020-09-10,5.293,5.2936
2020-09-11,5.2848,5.2854
2020-09-14,5.2978,5.2984
2020-09-15,5.2722,5.2728
2020-09-16,5.2526,5.2532
2020-09-17,5.2587,5.2593
2020-09-18,5.2883,5.2889
2020-09-21,5.4434,5.444
2020-09-22,5.4323,5.4329
2020-09-23,5.5305,5.5311
2020-09-24,5.5708,5.5714
2020-09-25,5.5661,5.5667
2020-09-28,5.5852,5.5858
2020-09-29,5.6521,5.6528
2020-09-30,5.6401,5.6407
2020-10-01,5.6435,5.6441
2020-10-02,5.6458,5.6464
2020-10-05,5.6293,5.6299
2020-10-06,5.5199,5.5205
2020-10-07,5.6012,5.6018
2020-10-08,5.6194,5.62
2020-10-09,5.5387,5.5393
2020-10-13,5.5854,5.5859
2020-10-14,5.5669,5.5675
2020-10-15,5.6166,5.6172
2020-10-16,5.622,5.6226
2020-10-19,5.6017,5.6023
2020-10-20,5.5824,5.583
2020-10-21,5.6,5.6006
2020-10-22,5.5814,5.582
2020-10-23,5.6114,5.612
2020-10-26,5.6322,5.6328
2020-10-27,5.6484,5.6491
2020-10-28,5.7319,5.7325
2020-10-29,5.7797,5.7803
2020-10-30,5.7712,5.7718
2020-11-03,5.6889,5.6895
2020-11-04,5.6926,5.6932
2020-11-05,5.5618,5.5624
2020-11-06,5.5307,5.5313
2020-11-09,5.2815,5.2821
2020-11-10,5.369,5.3696
2020-11-11,5.4014,5.402
2020-11-12,5.4088,5.4094
2020-11-13,5.4848,5.4854
2020-11-16,5.4192,5.4198
2020-11-17,5.3962,5.3968
2020-11-18,5.2926,5.2932
2020-11-19,5.3324,5.333
2020-11-20,5.3499,5.3505
2020-11-23,5.3822,5.3828
2020-11-24,5.4031,5.4037
2020-11-25,5.3502,5.3508
2020-11-26,5.3195,5.3201
2020-11-27,5.3488,5.3494
2020-11-30,5.3311,5.3317
2020-12-01,5.2783,5.2789
2020-12-02,5.2261,5.2267
2020-12-03,5.1619,5.1625
2020-12-04,5.17,5.1706
2020-12-07,5.1012,5.1018
2020-12-08,5.0914,5.092
2020-12-09,5.1103,5.1109
2020-12-10,5.0846,5.0852
2020-12-11,5.0685,5.0691
2020-12-14,5.0572,5.0578
2020-12-15,5.0962,5.0968
2020-12-16,5.1051,5.1057
2020-12-17,5.0606,5.0612
2020-12-18,5.098,5.0986
2020-12-21,5.1566,5.1572
2020-12-22,5.1467,5.1473
2020-12-23,5.1734,5.174
2020-12-24,5.1785,5.18
2020-12-28,5.2384,5.239
2020-12-29,5.1936,5.1942
2020-12-30,5.1961,5.1967
2020-12-31,5.1961,5.1967
2021-01-04,5.162,5.1626
2021-01-05,5.3263,5.3269
2021-01-06,5.3176,5.3182
2021-01-07,5.3427,5.3433
2021-01-08,5.3677,5.3683
2021-01-11,5.496,5.4966
2021-01-12,5.4631,5.4637
2021-01-13,5.3064,5.307
2021-01-14,5.2611,5.2617
2021-01-15,5.2708,5.2714
2021-01-18,5.2782,5.2788
2021-01-19,5.2939,5.2945
2021-01-20,5.3027,5.3033
2021-01-21,5.316,5.3166
2021-01-22,5.4295,5.4301
2021-01-25,5.5074,5.5089
2021-01-26,5.3859,5.3865
2021-01-27,5.3818,5.3824
2021-01-28,5.4276,5.4282
2021-01-29,5.4753,5.4759
2021-02-01,5.4602,5.4608
2021-02-02,5.3869,5.3875
2021-02-03,5.3417,5.3423
2021-02-04,5.3904,5.391
2021-02-05,5.3878,5.3884
2021-02-08,5.3664,5.367
2021-02-09,5.421,5.4216
2021-02-10,5.4018,5.4024
2021-02-11,5.362,5.3626
2021-02-12,5.3809,5.3815
2021-02-17,5.4132,5.4138
2021-02-18,5.4232,5.4238
2021-02-19,5.3918,5.3924
2021-02-22,5.5038,5.5044
2021-02-23,5.4484,5.449
2021-02-24,5.4176,5.4182
2021-02-25,5.4594,5.46
2021-02-26,5.5296,5.5302
2021-03-01,5.5826,5.5832
2021-03-02,5.6838,5.6844
2021-03-03,5.7336,5.7342
2021-03-04,5.6002,5.6008
2021-03-05,5.6864,5.687
2021-03-08,5.7337,5.7343
2021-03-09,5.8391,5.8397
2021-03-10,5.7443,5.7449
2021-03-11,5.5884,5.589
2021-03-12,5.5634,5.564
2021-03-15,5.629,5.6296
2021-03-16,5.5845,5.5851
2021-03-17,5.6573,5.6579
2021-03-18,5.5468,5.5474
2021-03-19,5.5076,5.5082
2021-03-22,5.5263,5.5269
2021-03-23,5.4945,5.4951
2021-03-24,5.5324,5.533
2021-03-25,5.6579,5.6585
2021-03-26,5.7036,5.7042
2021-03-29,5.7919,5.7925
2021-03-30,5.7636,5.7642
2021-03-31,5.6967,5.6973
2021-04-01,5.6843,5.6849
2021-04-05,5.6573,5.6579
2021-04-06,5.6257,5.6263
2021-04-07,5.5858,5.5864
2021-04-08,5.5811,5.5817
2021-04-09,5.6439,5.6445
2021-04-12,5.6576,5.6582
2021-04-13,5.7058,5.7064
2021-04-14,5.693,5.6936
2021-04-15,5.6228,5.6234
2021-04-16,5.6322,5.6328
2021-04-19,5.5744,5.575
2021-04-20,5.526,5.5266
2021-04-22,5.4964,5.497
2021-04-23,5.4781,5.4787
2021-04-26,5.456,5.4566
2021-04-27,5.4418,5.4424
2021-04-28,5.3999,5.4005
2021-04-29,5.3656,5.3662
2021-04-30,5.403,5.4036
2021-05-03,5.4081,5.4087
2021-05-04,5.4499,5.4505
2021-05-05,5.3866,5.3872
2021-05-06,5.2891,5.2897
2021-05-07,5.2211,5.2217
2021-05-10,5.2221,5.2227
2021-05-11,5.2397,5.2403
2021-05-12,5.2347,5.2353
2021-05-13,5.2809,5.2815
2021-05-14,5.2695,5.2701
2021-05-17,5.2749,5.2755
2021-05-18,5.2582,5.2588
2021-05-19,5.2816,5.2822
2021-05-20,5.2899,5.2905
2021-05-21,5.3021,5.3027
2021-05-24,5.3192,5.3198
2021-05-25,5.3137,5.3143
2021-05-26,5.3158,5.3164
2021-05-27,5.2833,5.284
2021-05-28,5.2274,5.2281
2021-05-31,5.2316,5.2322
2021-06-01,5.163,5.1636
2021-06-02,5.114,5.1147
2021-06-04,5.0661,5.0666
2021-06-07,5.0492,5.0498
2021-06-08,5.0483,5.0489
2021-06-09,5.0527,5.0533
2021-06-10,5.0629,5.0635
2021-06-11,5.1184,5.119
2021-06-14,5.0701,5.0707
2021-06-15,5.0868,5.0874
2021-06-16,5.0201,5.0207
2021-06-17,5.0353,5.0359
2021-06-18,5.0308,5.0314
2021-06-21,5.0367,5.0373
2021-06-22,5.0172,5.0178
2021-06-23,4.9513,4.9519
2021-06-24,4.9271,4.9277
2021-06-25,4.92,4.9206
2021-06-28,4.9414,4.942
2021-06-29,4.9444,4.945
2021-06-30,5.0016,5.0022
2021-07-01,5.0049,5.0055
2021-07-02,5.0287,5.0293
2021-07-05,5.0743,5.0749
2021-07-06,5.1639,5.1645
2021-07-07,5.2322,5.2328
2021-07-08,5.2581,5.2587
2021-07-09,5.237,5.2393
2021-07-12,5.2233,5.2239
2021-07-13,5.1764,5.177
2021-07-14,5.0874,5.088
2021-07-15,5.0994,5.1
2021-07-16,5.0935,5.0941
2021-07-19,5.1972,5.1978
2021-07-20,5.2459,5.2465
2021-07-21,5.251,5.2516
2021-07-22,5.1972,5.1978
2021-07-23,5.1695,5.1701
2021-07-26,5.1857,5.1863
2021-07-27,5.1663,5.1669
2021-07-28,5.1521,5.1527
2021-07-29,5.0676,5.0682
2021-07-30,5.121,5.1216
2021-08-02,5.1373,5.1379
2021-08-03,5.2458,5.2464
2021-08-04,5.2085,5.2091
2021-08-05,5.1459,5.1464
2021-08-06,5.2404,5.241
2021-08-09,5.2768,5.2774
2021-08-10,5.2211,5.2217
2021-08-11,5.2007,5.2013
2021-08-12,5.2345,5.2351
2021-08-13,5.2468,5.2474
2021-08-16,5.2489,5.2495
2021-08-17,5.2579,5.2585
2021-08-18,5.3019,5.3025
2021-08-19,5.4174,5.418
2021-08-20,5.4268,5.4274
2021-08-23,5.368,5.3686
2021-08-24,5.3011,5.3017
2021-08-25,5.2459,5.2465
2021-08-26,5.2423,5.2429
2021-08-27,5.2194,5.22
2021-08-30,5.1946,5.1952
2021-08-31,5.1427,5.1433
2021-09-01,5.157,5.1576
2021-09-02,5.1729,5.1735
2021-09-03,5.1679,5.1685
2021-09-06,5.1767,5.1773
2021-09-08,5.2518,5.2524
2021-09-09,5.2819,5.2825
2021-09-10,5.2152,5.2158
2021-09-13,5.2184,5.219
2021-09-14,5.2254,5.226
2021-09-15,5.257,5.2576
2021-09-16,5.2588,5.2594
2021-09-17,5.3097,5.3103
2021-09-20,5.3326,5.3332
2021-09-21,5.3038,5.3044
2021-09-22,5.2777,5.2783
2021-09-23,5.2885,5.2891
2021-09-24,5.3429,5.3435
2021-09-27,5.3472,5.3478
2021-09-28,5.42,5.4206
2021-09-29,5.4167,5.4173
2021-09-30,5.4388,5.4394
2021-10-01,5.3905,5.3911
2021-10-04,5.4198,5.4204
2021-10-05,5.4605,5.4611
2021-10-06,5.5091,5.5097
2021-10-07,5.5134,5.514
2021-10-08,5.5078,5.5084
2021-10-11,5.5155,5.5161
2021-10-13,5.5464,5.5471
2021-10-14,5.4982,5.4988
2021-10-15,5.4504,5.451
2021-10-18,5.5187,5.5193
2021-10-19,5.5515,5.5521
2021-10-20,5.5565,5.5571
2021-10-21,5.6417,5.6423
2021-10-22,5.7111,5.7117
2021-10-25,5.5967,5.5973
2021-10-26,5.5794,5.58
2021-10-27,5.5661,5.5667
2021-10-28,5.6118,5.6124
2021-10-29,5.6424,5.643
2021-11-01,5.6688,5.6694
2021-11-03,5.6666,5.6672
2021-11-04,5.5936,5.5942
2021-11-05,5.5449,5.5455
2021-11-08,5.5621,5.5627
2021-11-09,5.4951,5.4957
2021-11-10,5.4584,5.459
2021-11-11,5.4165,5.4171
2021-11-12,5.4193,5.4199
2021-11-16,5.4766,5.4772
2021-11-17,5.4987,5.4993
2021-11-18,5.5464,5.547
2021-11-19,5.5578,5.5584
2021-11-22,5.5835,5.5841
2021-11-23,5.645,5.6456
2021-11-24,5.6021,5.6027
2021-11-25,5.5734,5.574
2021-11-26,5.5859,5.5865
2021-11-29,5.6112,5.6118
2021-11-30,5.6193,5.6199
2021-12-01,5.6162,5.6168
2021-12-02,5.6339,5.6345
2021-12-03,5.6426,5.6432
2021-12-06,5.6871,5.6877
2021-12-07,5.6405,5.6411
2021-12-08,5.5773,5.5779
2021-12-09,5.5558,5.5564
2021-12-10,5.5925,5.5931
2021-12-13,5.6351,5.6357
2021-12-14,5.6455,5.6461
2021-12-15,5.7121,5.7127
2021-12-16,5.6957,5.6963
2021-12-17,5.6953,5.6959
2021-12-20,5.7049,5.7055
2021-12-21,5.7367,5.7372
2021-12-22,5.7195,5.7201
2021-12-23,5.6904,5.691
2021-12-24,5.6541,5.6591
2021-12-27,5.6644,5.665
2021-12-28,5.6432,5.6438
2021-12-29,5.6613,5.6619
2021-12-30,5.5799,5.5805
2021-12-31,5.5799,5.5805
2022-01-03,5.6303,5.6309
2022-01-04,5.677,5.6776
2022-01-05,5.6622,5.6628
2022-01-06,5.7036,5.7042
2022-01-07,5.6747,5.6753
2022-01-10,5.673,5.6736
2022-01-11,5.6345,5.6351
2022-01-12,5.5605,5.5611
2022-01-13,5.524,5.5246
2022-01-14,5.5343,5.5349
2022-01-17,5.5052,5.5058
2022-01-18,5.5207,5.5213
2022-01-19,5.4972,5.4978
2022-01-20,5.416,5.4166
2022-01-21,5.4395,5.4401
2022-01-24,5.4904,5.491
2022-01-25,5.4965,5.4971
2022-01-26,5.4318,5.4324
2022-01-27,5.3806,5.3812
2022-01-28,5.3948,5.3954
2022-01-31,5.3568,5.3574
2022-02-01,5.2804,5.281
2022-02-02,5.295,5.2956
2022-02-03,5.3019,5.3025
2022-02-04,5.3278,5.3284
2022-02-07,5.2907,5.2913
2022-02-08,5.2693,5.2699
2022-02-09,5.2729,5.2735
2022-02-10,5.2095,5.2101
2022-02-11,5.1981,5.1987
2022-02-14,5.21,5.2106
2022-02-15,5.1875,5.1881
2022-02-16,5.1624,5.163
2022-02-17,5.1559,5.1565
2022-02-18,5.1333,5.1339
2022-02-21,5.0991,5.0997
2022-02-22,5.0605,5.0611
2022-02-23,5.0137,5.0143
2022-02-24,5.1168,5.1174
2022-02-25,5.1388,5.1394
2022-03-02,5.1341,5.1347
2022-03-03,5.0473,5.0479
2022-03-04,5.0752,5.0758
2022-03-07,5.0573,5.0579
2022-03-08,5.0897,5.0903
2022-03-09,5.0088,5.0094
2022-03-10,5.0507,5.0513
2022-03-11,5.0249,5.0255
2022-03-14,5.0641,5.0647
2022-03-15,5.1308,5.1314
2022-03-16,5.1281,5.1287
2022-03-17,5.0758,5.0764
2022-03-18,5.0405,5.0411
2022-03-21,4.966,4.9666
2022-03-22,4.9202,4.9208
2022-03-23,4.8698,4.8704
2022-03-24,4.8061,4.8067
2022-03-25,4.7776,4.7782
2022-03-28,4.7899,4.7905
2022-03-29,4.748,4.7486
2022-03-30,4.7491,4.7497
2022-03-31,4.7372,4.7378
2022-04-01,4.6978,4.6984
2022-04-04,4.6169,4.6175
2022-04-05,4.6394,4.64
2022-04-06,4.6961,4.6967
2022-04-07,4.7416,4.7422
2022-04-08,4.7507,4.7513
2022-04-11,4.7019,4.7025
2022-04-12,4.6477,4.6483
2022-04-13,4.6805,4.6811
2022-04-14,4.7152,4.7158
2022-04-18,4.674,4.6746
2022-04-19,4.6658,4.6664
2022-04-20,4.6391,4.6397
2022-04-22,4.732,4.7326
2022-04-25,4.8812,4.8818
2022-04-26,4.966,4.9666
2022-04-27,5.0161,5.0167
2022-04-28,5.0104,5.011
2022-04-29,4.9185,4.9191
2022-05-02,5.026,5.0266
2022-05-03,5.0161,5.0167
2022-05-04,5.0087,5.0093
2022-05-05,5.0045,5.0051
2022-05-06,5.0744,5.075
2022-05-09,5.1334,5.134
2022-05-10,5.1384,5.139
2022-05-11,5.1238,5.1244
2022-05-12,5.1476,5.1482
2022-05-13,5.1069,5.1075
2022-05-16,5.066,5.0666
2022-05-17,4.967,4.9676
2022-05-18,4.9586,4.9592
2022-05-19,4.9192,4.9198
2022-05-20,4.8771,4.8777
2022-05-23,4.7967,4.7973
2022-05-24,4.81,4.8106
2022-05-25,4.8353,4.8359
2022-05-26,4.7961,4.7967
2022-05-27,4.7428,4.7434
2022-05-30,4.721,4.7216
2022-05-31,4.7283,4.7289
2022-06-01,4.7759,4.7765
2022-06-02,4.7873,4.7879
2022-06-03,4.795,4.7956
2022-06-06,4.7833,4.7839
2022-06-07,4.8903,4.8909
2022-06-08,4.8705,4.8711
2022-06-09,4.8945,4.8951
2022-06-10,4.983,4.9836
2022-06-13,5.1027,5.1033
2022-06-14,5.1197,5.1203
2022-06-15,5.1113,5.1119
2022-06-17,5.1307,5.1313
2022-06-20,5.1635,5.1641
2022-06-21,5.1456,5.1462
2022-06-22,5.1503,5.1509
2022-06-23,5.1827,5.1833
2022-06-24,5.2328,5.2334
2022-06-27,5.2208,5.2214
2022-06-28,5.2173,5.2179
2022-06-29,5.2262,5.2268
2022-06-30,5.2374,5.238
2022-07-01,5.3136,5.3142
2022-07-04,5.3032,5.3038
2022-07-05,5.3893,5.3899
2022-07-06,5.4315,5.4321
2022-07-07,5.3634,5.364
2022-07-08,5.308,5.3086
2022-07-11,5.3471,5.3477
2022-07-12,5.4114,5.412
2022-07-13,5.3987,5.3992
2022-07-14,5.4562,5.4568
2022-07-15,5.4008,5.4014
2022-07-18,5.3669,5.3675
2022-07-19,5.3898,5.3904
2022-07-20,5.4282,5.4288
2022-07-21,5.4744,5.475
2022-07-22,5.4516,5.4522
2022-07-25,5.4138,5.4144
2022-07-26,5.3602,5.3608
2022-07-27,5.3068,5.3074
2022-07-28,5.2143,5.2149
2022-07-29,5.1878,5.1884
2022-08-01,5.16,5.1606
2022-08-02,5.2323,5.2329
2022-08-03,5.284,5.2846
2022-08-04,5.2403,5.2409
2022-08-05,5.2159,5.2165
2022-08-08,5.1241,5.1247
2022-08-09,5.1218,5.1224
2022-08-10,5.0491,5.0497
2022-08-11,5.1121,5.1127
2022-08-12,5.1017,5.1023
2022-08-15,5.0919,5.0925
2022-08-16,5.1334,5.134
2022-08-17,5.1779,5.1784
2022-08-18,5.1767,5.1773
2022-08-19,5.1955,5.1961
2022-08-22,5.1703,5.1709
2022-08-23,5.1024,5.103
2022-08-24,5.1044,5.105
2022-08-25,5.1167,5.1173
2022-08-26,5.0897,5.0903
2022-08-29,5.0423,5.0428
2022-08-30,5.0611,5.0617
2022-08-31,5.1784,5.179
2022-09-01,5.2001,5.2007
2022-09-02,5.1872,5.1878
2022-09-05,5.168,5.1686
2022-09-06,5.2222,5.2228
2022-09-08,5.2149,5.2155
2022-09-09,5.1627,5.1633
2022-09-12,5.1177,5.1183
2022-09-13,5.1788,5.1794
2022-09-14,5.1768,5.1774
2022-09-15,5.2205,5.2211
2022-09-16,5.2876,5.2882
2022-09-19,5.2361,5.2367
2022-09-20,5.1699,5.1705
2022-09-21,5.1686,5.1692
2022-09-22,5.1671,5.1677
2022-09-23,5.2251,5.2257
2022-09-26,5.3542,5.3548
2022-09-27,5.3502,5.3508
2022-09-28,5.3588,5.3594
2022-09-29,5.391,5.3916
2022-09-30,5.406,5.4066
2022-10-03,5.1996,5.2002
2022-10-04,5.1405,5.1411
2022-10-05,5.2138,5.2144
2022-10-06,5.2002,5.2009
2022-10-07,5.2215,5.2221
2022-10-10,5.1935,5.1941
2022-10-11,5.2061,5.2068
2022-10-13,5.3011,5.3017
2022-10-14,5.2818,5.2824
2022-10-17,5.2707,5.2713
2022-10-18,5.2691,5.2697
2022-10-19,5.2802,5.2808
2022-10-20,5.217,5.2176
2022-10-21,5.1913,5.1919
2022-10-24,5.2738,5.2744
2022-10-25,5.3085,5.3091
2022-10-26,5.3242,5.3248
2022-10-27,5.2997,5.3003
2022-10-28,5.3449,5.3454
2022-10-31,5.2564,5.257
2022-11-01,5.1494,5.15
2022-11-03,5.1343,5.1349
2022-11-04,5.0354,5.036
2022-11-07,5.088,5.0886
2022-11-08,5.1738,5.1744
2022-11-09,5.1623,5.1629
2022-11-10,5.3058,5.3064
2022-11-11,5.3045,5.3051
2022-11-14,5.3007,5.3013
2022-11-16,5.3198,5.3204
2022-11-17,5.4649,5.4655
2022-11-18,5.3471,5.3477
2022-11-21,5.3253,5.3259
2022-11-22,5.3333,5.3339
2022-11-23,5.3924,5.393
2022-11-24,5.3143,5.3149
2022-11-25,5.3502,5.3508
2022-11-28,5.3791,5.3796
2022-11-29,5.307,5.3076
2022-11-30,5.2935,5.2941
2022-12-01,5.1942,5.1948
2022-12-02,5.1968,5.1974
2022-12-05,5.2457,5.2464
2022-12-06,5.239,5.2396
2022-12-07,5.2202,5.2208
2022-12-08,5.2085,5.2091
2022-12-09,5.239,5.2396
2022-12-12,5.306,5.3066
2022-12-13,5.2663,5.2669
2022-12-14,5.34,5.3406
2022-12-15,5.3177,5.3183
2022-12-16,5.2801,5.2806
2022-12-19,5.3154,5.316
2022-12-20,5.2421,5.2427
2022-12-21,5.2025,5.2031
2022-12-22,5.1865,5.1871
2022-12-23,5.1439,5.1445
2022-12-26,5.1866,5.1872
2022-12-27,5.2826,5.2832
2022-12-28,5.273,5.2736
2022-12-29,5.2171,5.2177
2022-12-30,5.2171,5.2177
2023-01-02,5.343,5.3436
2023-01-03,5.3753,5.3759
2023-01-04,5.4453,5.4459
2023-01-05,5.402,5.4026
2023-01-06,5.2849,5.2855
2023-01-09,5.2961,5.2967
2023-01-10,5.2389,5.2395
2023-01-11,5.2014,5.202
2023-01-12,5.1394,5.14
2023-01-13,5.114,5.1146
2023-01-16,5.1109,5.1115
2023-01-17,5.1197,5.1203
2023-01-18,5.0903,5.0909
2023-01-19,5.2138,5.2144
2023-01-20,5.198,5.1986
2023-01-23,5.1916,5.1922
2023-01-24,5.169,5.1696
2023-01-25,5.1036,5.1042
2023-01-26,5.0945,5.0951
2023-01-27,5.0761,5.0767
2023-01-30,5.0953,5.0959
2023-01-31,5.0987,5.0993
2023-02-01,5.0715,5.0721
2023-02-02,4.9895,4.9901
2023-02-03,5.1024,5.103
2023-02-06,5.1757,5.1763
2023-02-07,5.1689,5.1695
2023-02-08,5.203,5.2036
2023-02-09,5.2309,5.2315
2023-02-10,5.252,5.2526
2023-02-13,5.1828,5.1834
2023-02-14,5.1501,5.1507
2023-02-15,5.2237,5.2243
2023-02-16,5.2426,5.2432
2023-02-17,5.2006,5.2012
2023-02-22,5.1724,5.173
2023-02-23,5.1324,5.133
2023-02-24,5.1785,5.1791
2023-02-27,5.1954,5.196
2023-02-28,5.2072,5.2078
2023-03-01,5.2064,5.207
2023-03-02,5.2074,5.208
2023-03-03,5.2031,5.2037
2023-03-06,5.1964,5.197
2023-03-07,5.1895,5.1901
2023-03-08,5.1381,5.1387
2023-03-09,5.1347,5.1353
2023-03-10,5.1816,5.1822
2023-03-13,5.2394,5.24
2023-03-14,5.2356,5.2362
2023-03-15,5.2975,5.2981
2023-03-16,5.2886,5.2892
2023-03-17,5.2673,5.2679
2023-03-20,5.2461,5.2467
2023-03-21,5.2438,5.2444
2023-03-22,5.2642,5.2648
2023-03-23,5.2626,5.2632
2023-03-24,5.2915,5.2921
2023-03-27,5.23,5.2306
2023-03-28,5.1727,5.1733
2023-03-29,5.1487,5.1493
2023-03-30,5.1248,5.1254
2023-03-31,5.0798,5.0804
2023-04-03,5.0631,5.0637
2023-04-04,5.0756,5.0762
2023-04-05,5.0441,5.0447
2023-04-06,5.0677,5.0683
2023-04-10,5.0828,5.0834
2023-04-11,5.0122,5.0128
2023-04-12,4.949,4.9496
2023-04-13,4.9091,4.9097
2023-04-14,4.9449,4.9455
2023-04-17,4.9415,4.9421
2023-04-18,4.9672,4.9678
2023-04-19,5.0461,5.0467
2023-04-20,5.0491,5.0497
2023-04-24,5.0589,5.0595
2023-04-25,5.0607,5.0613
2023-04-26,5.0579,5.0585
2023-04-27,5.0144,5.015
2023-04-28,5.0001,5.0007
2023-05-02,5.0329,5.0334
2023-05-03,5.0221,5.0227
2023-05-04,5.01,5.0106
2023-05-05,4.969,4.9696
2023-05-08,4.969,4.9696
2023-05-09,5.0001,5.0007
2023-05-10,4.9541,4.9547
2023-05-11,4.969,4.9696
2023-05-12,4.9228,4.9234
2023-05-15,4.9097,4.9103
2023-05-16,4.9116,4.9122
2023-05-17,4.9507,4.9513
2023-05-18,4.9641,4.9647
2023-05-19,4.9852,4.9858
2023-05-22,4.9674,4.968
2023-05-23,4.9668,4.9674
2023-05-24,4.9468,4.9474
2023-05-25,4.9984,4.999
2023-05-26,5.0108,5.0114
2023-05-29,4.9948,4.9954
2023-05-30,5.0587,5.0593
2023-05-31,5.0953,5.0959
2023-06-01,5.0344,5.035
2023-06-02,4.9552,4.9558
2023-06-05,4.923,4.9236
2023-06-06,4.9286,4.9292
2023-06-07,4.9113,4.9119
2023-06-09,4.8916,4.8922
2023-06-12,4.8826,4.8832
2023-06-13,4.8527,4.8533
2023-06-14,4.8456,4.8462
2023-06-15,4.8216,4.8222
2023-06-16,4.828,4.8286
2023-06-19,4.7797,4.7803
2023-06-20,4.7924,4.793
2023-06-21,4.7789,4.7795
2023-06-22,4.7744,4.775
2023-06-23,4.7793,4.7799
2023-06-26,4.7692,4.7698
2023-06-27,4.7897,4.7903
2023-06-28,4.8557,4.8563
2023-06-29,4.8578,4.8584
2023-06-30,4.8186,4.8192
2023-07-03,4.787,4.7876
2023-07-04,4.805,4.8056
2023-07-05,4.8571,4.8577
2023-07-06,4.8971,4.8977
2023-07-07,4.8793,4.8799
2023-07-10,4.8729,4.8735
2023-07-11,4.8943,4.8949
2023-07-12,4.8052,4.8058
2023-07-13,4.8032,4.8038
2023-07-14,4.7951,4.7957
2023-07-17,4.8296,4.8302
2023-07-18,4.8034,4.804
2023-07-19,4.7994,4.8
2023-07-20,4.7882,4.7888
2023-07-21,4.7726,4.7732
2023-07-24,4.7451,4.7457
2023-07-25,4.749,4.7496
2023-07-26,4.7362,4.7368
2023-07-27,4.7196,4.7202
2023-07-28,4.7247,4.7253
2023-07-31,4.7409,4.7415
2023-08-01,4.7746,4.7752
2023-08-02,4.8077,4.8083
2023-08-03,4.8791,4.8797
2023-08-04,4.8603,4.8609
2023-08-07,4.9004,4.901
2023-08-08,4.9211,4.9217
2023-08-09,4.9009,4.9015
2023-08-10,4.8512,4.8518
2023-08-11,4.8912,4.8918
2023-08-14,4.9475,4.9481
2023-08-15,4.9806,4.9812
2023-08-16,4.9765,4.9772
2023-08-17,4.981,4.9816
2023-08-18,4.9718,4.9724
2023-08-21,4.9841,4.9847
2023-08-22,4.9425,4.9431
2023-08-23,4.8971,4.8977
2023-08-24,4.8742,4.8748
2023-08-25,4.8766,4.8772
2023-08-28,4.8933,4.8938
2023-08-29,4.87,4.8706
2023-08-30,4.8647,4.8653
2023-08-31,4.9213,4.9219
2023-09-01,4.9312,4.9318
2023-09-04,4.917,4.9176
2023-09-05,4.9699,4.9705
2023-09-06,4.9756,4.9762
2023-09-08,4.9829,4.9835
2023-09-11,4.936,4.9366
2023-09-12,4.9499,4.9505
2023-09-13,4.9165,4.9171
2023-09-14,4.8745,4.8751
2023-09-15,4.8683,4.8689
2023-09-18,4.8529,4.8535
2023-09-19,4.8569,4.8575
2023-09-20,4.8481,4.8487
2023-09-21,4.9223,4.9229
2023-09-22,4.9125,4.9131
2023-09-25,4.96,4.9606
2023-09-26,4.9711,4.9717
2023-09-27,5.0283,5.0289
2023-09-28,5.0469,5.0475
2023-09-29,5.007,5.0076
2023-10-02,5.0673,5.0679
2023-10-03,5.1094,5.11
2023-10-04,5.152,5.1526
2023-10-05,5.1707,5.1713
2023-10-06,5.1912,5.1918
2023-10-09,5.166,5.1666
2023-10-10,5.0856,5.0862
2023-10-11,5.049,5.0496
2023-10-13,5.0619,5.0625
2023-10-16,5.0612,5.0618
2023-10-17,5.0378,5.0384
2023-10-18,5.0562,5.0568
2023-10-19,5.0534,5.054
2023-10-20,5.0522,5.0528
2023-10-23,5.0158,5.0164
2023-10-24,5.0059,5.0065
2023-10-25,4.9975,4.9981
2023-10-26,5.0049,5.0055
2023-10-27,4.9474,4.948
2023-10-30,5.0068,5.0074
2023-10-31,5.0569,5.0575
2023-11-01,5.0188,5.0194
2023-11-03,4.8904,4.891
2023-11-06,4.8993,4.8999
2023-11-07,4.8664,4.867
2023-11-08,4.8849,4.8855
2023-11-09,4.9001,4.9007
2023-11-10,4.9213,4.9219
2023-11-13,4.924,4.9247
2023-11-14,4.8676,4.8682
2023-11-16,4.8569,4.8575
2023-11-17,4.8843,4.8849
2023-11-20,4.8717,4.8723
2023-11-21,4.88,4.8806
2023-11-22,4.8962,4.8968
2023-11-23,4.8925,4.8931
2023-11-24,4.8921,4.8927
2023-11-27,4.8945,4.8951
2023-11-28,4.8861,4.8867
2023-11-29,4.8927,4.8933
2023-11-30,4.9349,4.9355
2023-12-01,4.9185,4.9191
2023-12-04,4.9085,4.9091
2023-12-05,4.9516,4.9522
2023-12-06,4.9025,4.9031
2023-12-07,4.8943,4.8949
2023-12-08,4.9152,4.9158
2023-12-11,4.9434,4.944
2023-12-12,4.947,4.9476
2023-12-13,4.9573,4.958
2023-12-14,4.8906,4.8912
2023-12-15,4.9391,4.9397
2023-12-18,4.9393,4.9399
2023-12-19,4.8657,4.8663
2023-12-20,4.876,4.8766
2023-12-21,4.8749,4.8755
2023-12-22,4.8613,4.8619
2023-12-26,4.8362,4.8368
2023-12-27,4.83,4.8306
2023-12-28,4.8407,4.8413
2023-12-29,4.8407,4.8413
2024-01-02,4.891,4.8916
2024-01-03,4.9206,4.9212
2024-01-04,4.9182,4.9188
2024-01-05,4.8893,4.8899
2024-01-08,4.8844,4.885
2024-01-09,4.8931,4.8937
2024-01-10,4.8895,4.8901
2024-01-11,4.8788,4.8794
2024-01-12,4.8537,4.8543
2024-01-15,4.8759,4.8765
2024-01-16,4.9032,4.9038
2024-01-17,4.934,4.9346
2024-01-18,4.9397,4.9403
2024-01-19,4.9217,4.9223
2024-01-22,4.9484,4.949
2024-01-23,4.9709,4.9715
2024-01-24,4.9186,4.9192
2024-01-25,4.9226,4.9232
2024-01-26,4.9119,4.9125
2024-01-29,4.9219,4.9225
2024-01-30,4.9632,4.9638
2024-01-31,4.9529,4.9535
2024-02-01,4.9344,4.935
2024-02-02,4.9465,4.9471
2024-02-05,5.0047,5.0053
2024-02-06,4.9681,4.9687
2024-02-07,4.9602,4.9608
2024-02-08,4.9798,4.9804
2024-02-09,4.9711,4.9717
2024-02-14,4.9717,4.9723
2024-02-15,4.9704,4.971
2024-02-16,4.9755,4.9761
2024-02-19,4.9579,4.9585
2024-02-20,4.9402,4.9408
2024-02-21,4.9297,4.9303
2024-02-22,4.9413,4.9419
2024-02-23,4.9845,4.9851
2024-02-26,4.9813,4.9819
2024-02-27,4.9569,4.9575
2024-02-28,4.9551,4.9557
2024-02-29,4.9827,4.9833
2024-03-01,4.959,4.9596
2024-03-04,4.9469,4.9475
2024-03-05,4.9482,4.9488
2024-03-06,4.9392,4.9398
2024-03-07,4.9358,4.9364
2024-03-08,4.9745,4.9751
2024-03-11,4.9771,4.9777
2024-03-12,4.9807,4.9813
2024-03-13,4.9797,4.9803
2024-03-14,4.9762,4.9768
2024-03-15,4.9931,4.9937
2024-03-18,5.0118,5.0124
2024-03-19,5.0346,5.0352
2024-03-20,5.0114,5.012
2024-03-21,4.9801,4.9807
2024-03-22,4.9891,4.9897
2024-03-25,4.9863,4.9869
2024-03-26,4.9864,4.987
2024-03-27,4.985,4.9856
2024-03-28,4.9956,4.9962
2024-04-01,5.0526,5.0532
2024-04-02,5.0469,5.0476
2024-04-03,5.0718,5.0724
2024-04-04,5.0231,5.0237
2024-04-05,5.0514,5.052
2024-04-08,5.0415,5.0421
2024-04-09,5.0074,5.008
2024-04-10,5.0648,5.0654
2024-04-11,5.0759,5.0765
2024-04-12,5.1358,5.1364
2024-04-15,5.174,5.1746
2024-04-16,5.2628,5.2635
2024-04-17,5.2463,5.2469
2024-04-18,5.2506,5.2512
2024-04-19,5.2263,5.2269
2024-04-22,5.2037,5.2043
2024-04-23,5.162,5.1626
2024-04-24,5.1586,5.1592
2024-04-25,5.1673,5.1679
2024-04-26,5.1178,5.1184
2024-04-29,5.1149,5.1155
2024-04-30,5.1712,5.1718
2024-05-02,5.1178,5.1184
2024-05-03,5.0662,5.0668
2024-05-06,5.0721,5.0727
2024-05-07,5.0604,5.061
2024-05-08,5.0881,5.0887
2024-05-09,5.1571,5.1577
2024-05-10,5.1458,5.1464
2024-05-13,5.1406,5.1412
2024-05-14,5.135,5.1356
2024-05-15,5.1417,5.1423
2024-05-16,5.1264,5.127
2024-05-17,5.1151,5.1157
2024-05-20,5.1079,5.1085
2024-05-21,5.1031,5.1037
2024-05-22,5.1496,5.1502
2024-05-23,5.1437,5.1443
2024-05-24,5.1502,5.1508
2024-05-27,5.1698,5.1704
2024-05-28,5.1532,5.1538
2024-05-29,5.1966,5.1972
2024-05-31,5.241,5.2416
2024-06-03,5.2367,5.2373
2024-06-04,5.2681,5.2687
2024-06-05,5.2835,5.2841
2024-06-06,5.2675,5.2681
2024-06-07,5.2796,5.2802
2024-06-10,5.366,5.3666
2024-06-11,5.3519,5.3524
2024-06-12,5.3885,5.3891
2024-06-13,5.3968,5.3974
2024-06-14,5.3624,5.363
2024-06-17,5.4124,5.413
2024-06-18,5.4068,5.4074
2024-06-19,5.4641,5.4647
2024-06-20,5.4248,5.4254
2024-06-21,5.441,5.4416
2024-06-24,5.3994,5.4
2024-06-25,5.4283,5.429
2024-06-26,5.5091,5.5097
2024-06-27,5.5223,5.5229
2024-06-28,5.5583,5.5589
2024-07-01,5.5887,5.5893
2024-07-02,5.6671,5.6677
2024-07-03,5.5857,5.5863
2024-07-04,5.4833,5.4839
2024-07-05,5.4964,5.497
2024-07-08,5.4714,5.472
2024-07-09,5.4381,5.4387
2024-07-10,5.3961,5.3967
2024-07-11,5.4094,5.41
2024-07-12,5.4523,5.4529
2024-07-15,5.4557,5.4563
2024-07-16,5.4268,5.4274
2024-07-17,5.4664,5.467
2024-07-18,5.542,5.5426
2024-07-19,5.5537,5.5543
2024-07-22,5.5592,5.5598
2024-07-23,5.5801,5.5807
2024-07-24,5.634,5.6346
2024-07-25,5.6396,5.6402
2024-07-26,5.6459,5.6465
2024-07-29,5.6473,5.6479
2024-07-30,5.6526,5.6532
2024-07-31,5.6615,5.6621
2024-08-01,5.6675,5.6681
2024-08-02,5.736,5.7366
2024-08-05,5.764,5.7646
2024-08-06,5.6522,5.6528
2024-08-07,5.6087,5.6093
2024-08-08,5.6166,5.6172
2024-08-09,5.5109,5.5115
2024-08-12,5.4905,5.4911
2024-08-13,5.4869,5.4875
2024-08-14,5.4496,5.4502
2024-08-15,5.4645,5.4651
2024-08-16,5.4626,5.4632
2024-08-19,5.4231,5.4237
2024-08-20,5.4541,5.4547
2024-08-21,5.4701,5.4707
2024-08-22,5.5518,5.5524
2024-08-23,5.5257,5.5263
2024-08-26,5.4915,5.4921
2024-08-27,5.4963,5.4969
2024-08-28,5.5309,5.5315
2024-08-29,5.6352,5.6358
2024-08-30,5.6556,5.6562
2024-09-02,5.6224,5.623
2024-09-03,5.6218,5.6224
2024-09-04,5.6353,5.6359
2024-09-05,5.6043,5.6049
2024-09-06,5.5696,5.5702
2024-09-09,5.6091,5.6097
2024-09-10,5.6248,5.6254
2024-09-11,5.6381,5.6387
2024-09-12,5.6548,5.6554
2024-09-13,5.5711,5.5717
2024-09-16,5.5201,5.5207
2024-09-17,5.5004,5.501
2024-09-18,5.4761,5.4767
2024-09-19,5.4183,5.4189
2024-09-20,5.4769,5.4775
2024-09-23,5.544,5.5446
2024-09-24,5.4696,5.4702
2024-09-25,5.473,5.4736
2024-09-26,5.4406,5.4412
2024-09-27,5.4425,5.4431
2024-09-30,5.4475,5.4481
2024-10-01,5.4515,5.4521
2024-10-02,5.4299,5.4305
2024-10-03,5.4844,5.485
2024-10-04,5.468,5.4686
2024-10-07,5.462,5.4626
2024-10-08,5.5191,5.5197
2024-10-09,5.5731,5.5737
2024-10-10,5.5813,5.5819
2024-10-11,5.6257,5.6263
2024-10-14,5.6039,5.6045
2024-10-15,5.6372,5.6378
2024-10-16,5.6743,5.6749
2024-10-17,5.6752,5.6758
2024-10-18,5.6666,5.6672
2024-10-21,5.7062,5.7068
2024-10-22,5.6952,5.6958
2024-10-23,5.7143,5.7149
2024-10-24,5.7081,5.7087
2024-10-25,5.6963,5.6969
2024-10-28,5.6982,5.6988
2024-10-29,5.7134,5.714
2024-10-30,5.7795,5.7801
2024-10-31,5.7773,5.7779
2024-11-01,5.8067,5.8073
2024-11-04,5.7892,5.7898
2024-11-05,5.784,5.7846
2024-11-06,5.7642,5.7648
2024-11-07,5.6618,5.6624
2024-11-08,5.7642,5.7648
2024-11-11,5.7974,5.798
2024-11-12,5.7688,5.7694
2024-11-13,5.7707,5.7713
2024-11-14,5.7879,5.7885
2024-11-18,5.7597,5.7603
2024-11-19,5.7737,5.7743
2024-11-21,5.8167,5.8173
2024-11-22,5.8118,5.8124
2024-11-25,5.7996,5.8002
2024-11-26,5.7984,5.799
2024-11-27,5.8285,5.8291
2024-11-28,5.9865,5.9871
2024-11-29,6.0529,6.0535
2024-12-02,6.0628,6.0634
2024-12-03,6.0701,6.0707
2024-12-04,6.0575,6.0581
2024-12-05,5.9843,5.9849
2024-12-06,6.0287,6.0293
2024-12-09,6.0564,6.057
2024-12-10,6.0523,6.0529
2024-12-11,6.0314,6.032
2024-12-12,5.9402,5.9408
2024-12-13,6.0394,6.04
2024-12-16,6.0504,6.0509
2024-12-17,6.1679,6.1685
2024-12-18,6.1618,6.1624
2024-12-19,6.1835,6.1841
2024-12-20,6.0774,6.078
2024-12-23,6.1606,6.1612
2024-12-24,6.1527,6.1541
2024-12-26,6.165,6.1656
2024-12-27,6.1985,6.1991
2024-12-30,6.1917,6.1923
2024-12-31,6.1917,6.1923
